ParentID,ParentDesc,ProductID,OrderDate,OrderID,Desc,Quantity,ContainerNum,UnitReceived,EstimateDate,WZ0002,WZ0001
B1020K,"May Fabric Bed(Farmhouse Cream,King)",B1020K-1/3,2021-04-29,PO00000307 - 1,"May Fabric Bed(Farmhouse Cream,King) - HEADBOARD",100,KKFU7883610,25,2021-08-15,0,0
B1020K,"May Fabric Bed(Farmhouse Cream,King)",B1020K-2/3,2021-04-29,PO00000307 - 1,"May Fabric Bed(Farmhouse Cream,King) - SIDE RAILS",100,KKFU7883610,25,2021-08-15,25,0
B1020K,"May Fabric Bed(Farmhouse Cream,King)",B1020K-3/3,2021-04-29,PO00000307 - 1,"May Fabric Bed(Farmhouse Cream,King) - FOOTBOARD + SLATS",100,KKFU7883610,25,2021-08-15,25,0
B1020Q,"May Fabric Bed(Farmhouse Cream,Queen)",B1020Q-1/3,2021-04-29,PO00000307 - 1,"May Fabric Bed(Farmhouse Cream,Queen) - HEADBOARD",100,KKFU7883610,25,2021-08-15,0,0
B1020Q,"May Fabric Bed(Farmhouse Cream,Queen)",B1020Q-2/3,2021-04-29,PO00000307 - 1,"May Fabric Bed(Farmhouse Cream,Queen) - SIDE RAILS",100,KKFU7883610,25,2021-08-15,25,0
B1020Q,"May Fabric Bed(Farmhouse Cream,Queen)",B1020Q-3/3,2021-04-29,PO00000307 - 1,"May Fabric Bed(Farmhouse Cream,Queen) - FOOTBOARD + SLATS",100,KKFU7883610,25,2021-08-15,25,0
B1023Q,MARIA - Light Grey Fabric Bed - Queen,B1023Q-1/2,2021-05-06,100540,"Maria Fabric Bed(Light Grey,Queen) - HEADBOARD + FOOTBOARD",100,,0,2021-11-18,12,0
B1023Q,MARIA - Light Grey Fabric Bed - Queen,B1023Q-2/2,2021-05-06,100540,"Maria Fabric Bed(Light Grey,Queen) - SIDE RAILS",100,,0,2021-11-18,0,0
B1025K,"Clara Fabric Bed(Light Grey,King)",B1025K-1/3,2021-05-06,100538,"Clara Fabric Bed(Light Grey,King) - HEADBOARD",100,,0,2021-09-20,-1,4
B1032Q,MEREDITH - Dark Blue Velvet Bed - Queen,B1032Q-1/3,2021-05-06,100538,"Meredith Fabric Bed(Velvet Dark Blue,Queen) - HEADBOARD",100,,0,2021-09-20,0,1
B1032Q,MEREDITH - Dark Blue Velvet Bed - Queen,B1032Q-3/3,2021-05-06,100538,"Meredith Fabric Bed(Velvet Dark Blue,Queen) - SIDE RAILS",100,,0,2021-09-20,0,1
B1033Q,MEREDITH - Pink Velvet Bed - Queen,B1033Q-1/3,2021-05-06,100538,"Meredith Fabric Bed(Velvet Pink,Queen) - HEADBOARD",100,,0,2021-09-20,-1,0
B1033Q,MEREDITH - Pink Velvet Bed - Queen,B1033Q-2/3,2021-05-06,100538,"Meredith Fabric Bed(Velvet Pink,Queen) - FOOTBOARD",100,,0,2021-09-20,1,0
B1033Q,MEREDITH - Pink Velvet Bed - Queen,B1033Q-3/3,2021-05-06,100538,"Meredith Fabric Bed(Velvet Pink,Queen) - SIDE RAILS",100,,0,2021-09-20,1,0
B1039Q,MAURA - Mango Wood Bed - Queen,B1039Q-1/2,2021-05-10,100543,"MAURA Mango Bed(Queen) - HEADBOARD, SLATS, LEGS",100,,0,2021-10-01,-3,0
B1039Q,MAURA - Mango Wood Bed - Queen,B1039Q-2/2,2021-05-10,100543,"MAURA Mango Bed(Queen) - SIDERAIL, CENTER SUPPORT, LEG SUPPORT",100,,0,2021-10-01,-3,0
B1040K,ZOEY - Rosewood Platform Bed - King,B1040K-1/2,2021-05-21,100569,ZOEY Rosewood Platform Bed(King) - TBD,60,,0,2021-11-01,1,0
B1040K,ZOEY - Rosewood Platform Bed - King,B1040K-2/2,2021-05-21,100569,ZOEY Rosewood Platform Bed(King) - TBD,60,,0,2021-11-01,0,0
B1040Q,ZOEY - Rosewood Platform Bed - Queen,B1040Q-1/2,2021-05-21,100569,ZOEY Rosewood Platform Bed(Queen) - TBD,60,,0,2021-11-01,0,0
B1040Q,ZOEY - Rosewood Platform Bed - Queen,B1040Q-2/2,2021-05-21,100569,ZOEY Rosewood Platform Bed(Queen) - TBD,60,,0,2021-11-01,0,0
B1044Q,KASIDY - Yellow Fabric Bed - Queen,B1044Q-1/3,2021-05-06,100537,"Kasidy Fabric Bed(Yellow,Queen) - HEADBOARD",100,,0,2021-09-30,0,1
B1044Q,KASIDY - Yellow Fabric Bed - Queen,B1044Q-2/3,2021-05-06,100537,"Kasidy Fabric Bed(Yellow,Queen) - FOOTBOARD+SLATS",100,,0,2021-09-30,0,1
B1044Q,KASIDY - Yellow Fabric Bed - Queen,B1044Q-3/3,2021-05-06,100537,"Kasidy Fabric Bed(Yellow,Queen) - SIDE RAILS",100,,0,2021-09-30,0,1
B1049K,BROOKLYN - Platform Bed - King,B1049K-1/4,2021-04-29,PO00000295T-5,Brooklyn Platform Bed(King) - HEADBOARD,100,,0,2021-08-30,0,0
B1049K,BROOKLYN - Platform Bed - King,B1049K-2/4,2021-04-29,PO00000295T-5,Brooklyn Platform Bed(King) - SIDE RAILS,100,,0,2021-08-30,1,0
B1049K,BROOKLYN - Platform Bed - King,B1049K-3/4,2021-04-29,PO00000295T-5,Brooklyn Platform Bed(King) - FOOTBOARD,100,,0,2021-08-30,1,0
B1049K,BROOKLYN - Platform Bed - King,B1049K-4/4,2021-04-29,PO00000295T-5,Brooklyn Platform Bed(King) - DRAWERS,100,,0,2021-08-30,0,0
B1049Q,BROOKLYN - Platform Bed - Queen,B1049Q-1/4,2021-04-29,PO00000295T-5,Brooklyn Platform Bed(Queen) - HEADBOARD,100,,0,2021-08-30,2,0
B1049Q,BROOKLYN - Platform Bed - Queen,B1049Q-2/4,2021-04-29,PO00000295T-5,Brooklyn Platform Bed(Queen) - SIDE RAILS,100,,0,2021-08-30,2,0
B1049Q,BROOKLYN - Platform Bed - Queen,B1049Q-3/4,2021-04-29,PO00000295T-5,Brooklyn Platform Bed(Queen) - FOOTBOARD,100,,0,2021-08-30,2,0
B1049Q,BROOKLYN - Platform Bed - Queen,B1049Q-4/4,2021-04-29,PO00000295T-5,Brooklyn Platform Bed(Queen) - DRAWERS,100,,0,2021-08-30,2,0
B1052K,"Macy Fabric Bed with Storage(Velvet Beige,King)",B1052K-1/4,2021-05-20,PO00000307 - 2,"Macy Fabric Bed with Storage(Velvet Beige,King) - HEADBOARD",60,BEAU6108643,44,2021-08-15,22,0
B1052K,"Macy Fabric Bed with Storage(Velvet Beige,King)",B1052K-2/4,2021-05-20,PO00000307 - 2,"Macy Fabric Bed with Storage(Velvet Beige,King) - SIDE RAILS+SLATS",60,BEAU6108643,44,2021-08-15,44,0
B1052K,"Macy Fabric Bed with Storage(Velvet Beige,King)",B1052K-3/4,2021-05-20,PO00000307 - 2,"Macy Fabric Bed with Storage(Velvet Beige,King) - FOOTBOARD",60,BEAU6108643,44,2021-08-15,44,0
B1052K,"Macy Fabric Bed with Storage(Velvet Beige,King)",B1052K-4/4,2021-05-20,PO00000307 - 2,"Macy Fabric Bed with Storage(Velvet Beige,King) - DRAWERS",60,BEAU6108643,44,2021-08-15,44,0
B1052Q,"Macy Fabric Bed with Storage(Velvet Beige,Queen)",B1052Q-1/4,2021-05-20,PO00000307 - 2,"Macy Fabric Bed with Storage(Velvet Beige,Queen) - HEADBOARD",60,BEAU6108643,44,2021-08-15,44,0
B1052Q,"Macy Fabric Bed with Storage(Velvet Beige,Queen)",B1052Q-2/4,2021-05-20,PO00000307 - 2,"Macy Fabric Bed with Storage(Velvet Beige,Queen) - SIDE RAILS+SLATS",60,BEAU6108643,44,2021-08-15,22,0
B1052Q,"Macy Fabric Bed with Storage(Velvet Beige,Queen)",B1052Q-3/4,2021-05-20,PO00000307 - 2,"Macy Fabric Bed with Storage(Velvet Beige,Queen) - FOOTBOARD",60,BEAU6108643,44,2021-08-15,44,0
B1052Q,"Macy Fabric Bed with Storage(Velvet Beige,Queen)",B1052Q-4/4,2021-05-20,PO00000307 - 2,"Macy Fabric Bed with Storage(Velvet Beige,Queen) - DRAWERS",60,BEAU6108643,44,2021-08-15,44,0
B1053K,MEREDITH - Beige Velvet Fabric Bed with Storage - King,B1053K-1/3,2021-04-29,PO00000307 - 1,"Meredith Fabric Bed(Velvet Beige,King) - HEADBOARD",100,KKFU7883610,28,2021-08-15,36,0
B1053K,MEREDITH - Beige Velvet Fabric Bed with Storage - King,B1053K-2/3,2021-04-29,PO00000307 - 1,"Meredith Fabric Bed(Velvet Beige,King) - FOOTBOARD",100,KKFU7883610,28,2021-08-15,43,0
B1053K,MEREDITH - Beige Velvet Fabric Bed with Storage - King,B1053K-3/3,2021-04-29,PO00000307 - 1,"Meredith Fabric Bed(Velvet Beige,King) - SIDE RAILS",100,KKFU7883610,28,2021-08-15,18,0
B1053Q,MEREDITH - Beige Velvet Fabric Bed with Storage - Queen,B1053Q-1/3,2021-04-29,PO00000307 - 1,"Meredith Fabric Bed(Velvet Beige,Queen) - HEADBOARD",100,KKFU7883610,25,2021-08-15,31,0
B1053Q,MEREDITH - Beige Velvet Fabric Bed with Storage - Queen,B1053Q-2/3,2021-04-29,PO00000307 - 1,"Meredith Fabric Bed(Velvet Beige,Queen) - FOOTBOARD",100,KKFU7883610,25,2021-08-15,43,0
B1053Q,MEREDITH - Beige Velvet Fabric Bed with Storage - Queen,B1053Q-3/3,2021-04-29,PO00000307 - 1,"Meredith Fabric Bed(Velvet Beige,Queen) - SIDE RAILS",100,KKFU7883610,25,2021-08-15,43,0
B1058K,ZAYA Mango Bed (King),B1058K-1/3,2021-05-03,100526,ZAYA Mango Bed (King) - HEADBOARD,100,,0,2021-09-25,0,0
B1058K,ZAYA Mango Bed (King),B1058K-2/3,2021-05-03,100526,ZAYA Mango Bed (King) - SIDERAILS + LEGS,100,,0,2021-09-25,0,0
B1058K,ZAYA Mango Bed (King),B1058K-3/3,2021-05-03,100526,ZAYA Mango Bed (King) - SLATS,100,,0,2021-09-25,0,0
B1058Q,ZAYA Mango Bed (Queen),B1058Q-1/3,2021-05-03,100526,ZAYA Mango Bed (Queen) - Headboard,100,,0,2021-09-25,0,0
B1058Q,ZAYA Mango Bed (Queen),B1058Q-2/3,2021-05-03,100526,"ZAYA Mango Bed (Queen) - Siderails, Legs",100,,0,2021-09-25,0,0
B1058Q,ZAYA Mango Bed (Queen),B1058Q-3/3,2021-05-03,100526,ZAYA Mango Bed (Queen) - Slats,100,,0,2021-09-25,0,0
B1059K,WAIMEA Acacia Bed (King),B1059K-1/2,2021-05-10,100544,"WAIMEA Acacia Bed (King)-HEADBOARD, SLATS, LEGS",100,,0,2021-10-01,0,0
B1059K,WAIMEA Acacia Bed (King),B1059K-2/2,2021-05-10,100544,"WAIMEA Acacia Bed (King)-SIDERAIL, CENTER SUPPORT, LEG SUPPORT",100,,0,2021-10-01,0,0
B1059Q,WAIMEA Acacia Bed (Queen),B1059Q-1/2,2021-05-10,100544,"WAIMEA Acacia Bed (Queen)-HEADBOARD, SLATS, LEGS",100,,0,2021-10-01,0,0
B1059Q,WAIMEA Acacia Bed (Queen),B1059Q-2/2,2021-05-10,100544,"WAIMEA Acacia Bed (Queen)-SIDERAIL, CENTER SUPPORT, LEG SUPPORT",100,,0,2021-10-01,0,0
S1079,MASON Fabric Modular Set (Velvet Blue - 5 piece),S1076,2021-04-30,100524,MASON Fabric Corner Chair Module(Velvet Blue),100,,0,2021-09-07,0,0
S1079,MASON Fabric Modular Set (Velvet Blue - 5 piece),S1077,2021-04-30,100524,MASON Fabric Armless Chair Module(Velvet Blue),100,,0,2021-09-07,0,0
S1080,MASON Fabric Modular Set (Velvet Blue - 4 piece),S1076,2021-04-30,100524,MASON Fabric Corner Chair Module(Velvet Blue),100,,0,2021-09-07,0,0
S1080,MASON Fabric Modular Set (Velvet Blue - 4 piece),S1077,2021-04-30,100524,MASON Fabric Armless Chair Module(Velvet Blue),100,,0,2021-09-07,0,0
S1081,MASON Fabric Modular Set (Velvet Blue - 3 piece),S1076,2021-04-30,100524,MASON Fabric Corner Chair Module(Velvet Blue),100,,0,2021-09-07,0,0
S1081,MASON Fabric Modular Set (Velvet Blue - 3 piece),S1077,2021-04-30,100524,MASON Fabric Armless Chair Module(Velvet Blue),100,,0,2021-09-07,0,0
S1085,MASON Fabric Modular Set (Dark Grey - 5 piece),S1082,2021-04-30,100523,MASON Fabric Corner Chair Module(Dark Grey),100,,0,2021-09-07,0,0
S1085,MASON Fabric Modular Set (Dark Grey - 5 piece),S1083,2021-04-30,100523,MASON Fabric Armless Chair Module(Dark Grey),100,,0,2021-09-07,0,0
S1086,MASON Fabric Modular Set (Dark Grey - 4 piece),S1082,2021-04-30,100523,MASON Fabric Corner Chair Module(Dark Grey),100,,0,2021-09-07,0,0
S1086,MASON Fabric Modular Set (Dark Grey - 4 piece),S1083,2021-04-30,100523,MASON Fabric Armless Chair Module(Dark Grey),100,,0,2021-09-07,0,0
S1087,MASON Fabric Modular Set (Dark Grey - 3 piece),S1082,2021-04-30,100523,MASON Fabric Corner Chair Module(Dark Grey),100,,0,2021-09-07,0,0
S1087,MASON Fabric Modular Set (Dark Grey - 3 piece),S1083,2021-04-30,100523,MASON Fabric Armless Chair Module(Dark Grey),100,,0,2021-09-07,0,0
S1120,"FONDA Fabric Sectional Sofa(Velvet Blue,Left)",S1120-1/2,2021-05-20,100561,"FONDA Fabric Sectional Sofa(Velvet Blue,Left) - TWO SEATER",100,,0,2021-10-08,0,0
S1120,"FONDA Fabric Sectional Sofa(Velvet Blue,Left)",S1120-2/2,2021-05-20,100561,"FONDA Fabric Sectional Sofa(Velvet Blue,Left)- CHAISE LOUNGE",100,,0,2021-10-08,0,0
S1121,"FONDA Fabric Sectional Sofa(Velvet Blue,Right)",S1121-1/2,2021-05-20,100561,"FONDA Fabric Sectional Sofa(Velvet Blue,Right) - TWO SEATER",100,,0,2021-10-08,0,0
S1121,"FONDA Fabric Sectional Sofa(Velvet Blue,Right)",S1121-2/2,2021-05-20,100561,"FONDA Fabric Sectional Sofa(Velvet Blue,Right)- CHAISE LOUNGE",100,,0,2021-10-08,0,0
T0034,Acacia Live Edge Wood Bench with Black X-shaped Legs/Natural Color - 145cm,Y1011,2021-03-25,100444,X Bench Leg Black,200,TGBU5419340,0,2021-07-15,0,-2
T0036,Acacia Natural Wood Live Edge Table with Black U-Shaped Legs/Natural Color - 180cm,Y2001,2021-05-06,100535,U Dining Table Leg Black,100,BMOU6890367,0,2021-08-20,100,0
T0633,Straight Cut Acacia Wood Table with Black U-Shaped Legs/Natural Colour - 180cm (6ft),Y2001,2021-05-06,100535,U Dining Table Leg Black,100,BMOU6890367,0,2021-08-20,100,0
T0635,Straight Cut Acacia Dining Table With Black X-Shaped Legs/Natural Color - 180cm (6 ft),Y2003,2021-05-06,100535,X Dining Table Leg Black,100,BMOU6890367,0,2021-08-20,100,0
T0636,Acacia Live Edge Dining Table with Black X Shaped Legs/Natural Color - 180cm,Y2003,2021-05-06,100535,X Dining Table Leg Black,100,BMOU6890367,0,2021-08-20,100,0
T0637,Straight Cut Acacia Wood Table with Black U-Shaped Legs/Natural Colour - 240cm (8ft),Y2001,2021-05-06,100535,U Dining Table Leg Black,100,BMOU6890367,0,2021-08-20,100,0
T0638,Straight Cut Acacia Dining Table With Black X-Shaped Legs/Natural Color - 240cm (8 ft),Y2003,2021-05-06,100535,X Dining Table Leg Black,100,BMOU6890367,0,2021-08-20,100,0
T4011,Acacia Live Edge Dining Table with Black X Shaped Legs/Natural Color - 210cm,Y2003,2021-05-06,100535,X Dining Table Leg Black,100,BMOU6890367,0,2021-08-20,100,0
T4032,Acacia Natural Wood Live Edge Table with Black U-Shaped Legs/Natural Color - 210cm,Y2001,2021-05-06,100535,U Dining Table Leg Black,100,BMOU6890367,0,2021-08-20,100,0
T4064,Acacia Natural Wood Live Edge Table with Black U-Shaped Legs/Natural Color - 270cm,Y2001,2021-05-06,100535,U Dining Table Leg Black,100,BMOU6890367,0,2021-08-20,100,0
T4065,Acacia Live Edge Dining Table with Black X Shaped Legs/Natural Color - 270cm,Y2003,2021-05-06,100535,X Dining Table Leg Black,100,BMOU6890367,0,2021-08-20,100,0
T4077,Acacia Live Edge Wood Bench with Chrome U-Shaped Legs/Honey Walnut - 145cm,Y1016,2021-03-25,100443,U Bench Leg Chrome,200,MSMU8891428,0,2021-07-15,0,28
T4078,Acacia Live Edge Wood Bench with Chrome U-Shaped Legs/Honey Walnut - 205cm,X2039,2021-04-21,100508,"Acacia Live Edge Bench Top(205cm,Honey)",100,,0,2021-09-25,2,0
T4078,Acacia Live Edge Wood Bench with Chrome U-Shaped Legs/Honey Walnut - 205cm,Y1016,2021-03-25,100443,U Bench Leg Chrome,200,MSMU8891428,0,2021-07-15,0,28
T5001,Live Edge Suar Table with Black U Shaped Legs/Natural Finish - 180cm,Y2001,2021-05-06,100535,U Dining Table Leg Black,100,BMOU6890367,0,2021-08-20,100,0
T5003,"Suar Live Edge Table(240cm,Natural,U Black)",Y2001,2021-05-06,100535,U Dining Table Leg Black,100,BMOU6890367,0,2021-08-20,100,0
T5007,Live Edge Suar Table with Black X Shaped Legs/Natural Finish - 180cm,Y2003,2021-05-06,100535,X Dining Table Leg Black,100,BMOU6890367,0,2021-08-20,100,0
T5009,"Suar Live Edge Table(240cm,Natural,X Black)",Y2003,2021-05-06,100535,X Dining Table Leg Black,100,BMOU6890367,0,2021-08-20,100,0
T5028,Straight Cut Acacia Wood Table with Black U-Shaped Legs/Natural Colour - 210cm (7ft),Y2001,2021-05-06,100535,U Dining Table Leg Black,100,BMOU6890367,0,2021-08-20,100,0
T5029,Straight Cut Acacia Dining Table With Black X-Shaped Legs/Natural Color - 210cm (7 ft),Y2003,2021-05-06,100535,X Dining Table Leg Black,100,BMOU6890367,0,2021-08-20,100,0
T5053,Acacia Live Edge Wood Bench with Chrome U-shaped Legs/Natural Finish - 205cm,Y1016,2021-03-25,100443,U Bench Leg Chrome,200,MSMU8891428,0,2021-07-15,0,28
T5055,Live Edge Acacia Bench with Black X Legs/Honey Walnut - 205cm,X2039,2021-04-21,100508,"Acacia Live Edge Bench Top(205cm,Honey)",100,,0,2021-09-25,2,0
T5055,Live Edge Acacia Bench with Black X Legs/Honey Walnut - 205cm,Y1011,2021-03-25,100444,X Bench Leg Black,200,TGBU5419340,0,2021-07-15,0,-2
T5056,Live Edge Acacia Bench with Black X Legs/Honey Walnut - 145cm,Y1011,2021-03-25,100444,X Bench Leg Black,200,TGBU5419340,0,2021-07-15,0,-2
T5057,Straight Cut Acacia Dining Table with Black U legs/Honey Walnut - 180cm,Y2001,2021-05-06,100535,U Dining Table Leg Black,100,BMOU6890367,0,2021-08-20,100,0
T5058,Straight Cut Acacia Dining Table with Black U legs/Honey Walnut - 210cm,Y2001,2021-05-06,100535,U Dining Table Leg Black,100,BMOU6890367,0,2021-08-20,100,0
T5059,Straight Cut Acacia Dining Table with Black U legs/Honey Walnut - 240cm,Y2001,2021-05-06,100535,U Dining Table Leg Black,100,BMOU6890367,0,2021-08-20,100,0
T5066,Straight Cut Acacia Dining Table With Black X Legs/Honey Walnut - 180cm,Y2003,2021-05-06,100535,X Dining Table Leg Black,100,BMOU6890367,0,2021-08-20,100,0
T5067,Straight Cut Acacia Dining Table With Black X Legs/Honey Walnut - 210cm,Y2003,2021-05-06,100535,X Dining Table Leg Black,100,BMOU6890367,0,2021-08-20,100,0
T5068,Straight Cut Acacia Dining Table With Black X Legs/Honey Walnut - 240cm,Y2003,2021-05-06,100535,X Dining Table Leg Black,100,BMOU6890367,0,2021-08-20,100,0
T5078,Live Edge Acacia Dining Table With Black U Legs/Honey Walnut - 180cm,Y2001,2021-05-06,100535,U Dining Table Leg Black,100,BMOU6890367,0,2021-08-20,100,0
T5079,Live Edge Acacia Dining Table With Black U Legs/Honey Walnut - 210cm,Y2001,2021-05-06,100535,U Dining Table Leg Black,100,BMOU6890367,0,2021-08-20,100,0
T5080,Live Edge Acacia Dining Table With Black U Legs/Honey Walnut - 240cm,Y2001,2021-05-06,100535,U Dining Table Leg Black,100,BMOU6890367,0,2021-08-20,100,0
T5087,Live Edge Acacia Dining Table with Black X Legs/Honey Walnut - 180cm,Y2003,2021-05-06,100535,X Dining Table Leg Black,100,BMOU6890367,0,2021-08-20,100,0
T5088,Live Edge Acacia Dining Table with Black X Legs/Honey Walnut - 210cm,Y2003,2021-05-06,100535,X Dining Table Leg Black,100,BMOU6890367,0,2021-08-20,100,0
T5089,Live Edge Acacia Dining Table with Black X Legs/Honey Walnut - 240cm,Y2003,2021-05-06,100535,X Dining Table Leg Black,100,BMOU6890367,0,2021-08-20,100,0
T5936,RENNES Extendable Solid Acacia Dining Table with Industrial Metal Legs / Natural (120cm-210cm),T5936-1/2,2021-03-11,100362,RENNES Extendable Acacia Table (Natural | 120cm-210cm) - Tabletop,50,,0,2021-08-20,0,0
T5936,RENNES Extendable Solid Acacia Dining Table with Industrial Metal Legs / Natural (120cm-210cm),T5936-2/2,2021-03-11,100362,RENNES Extendable Acacia Table (Natural | 120cm-210cm) - Legs,50,,0,2021-08-20,0,0
T5945,CENTURY - Suar Live Edge Table with Black X Legs,Y2003,2021-05-06,100535,X Dining Table Leg Black,100,BMOU6890367,0,2021-08-20,100,0
T5946,"Acacia Live Edge Bench(145cm,Natural,Hourglass Black)",Y2075,2021-05-06,100535,Hourglass Bench Leg Black,100,BMOU6890367,0,2021-08-20,0,8
T5948,TIME - Acacia Live Edge Bench Hourglass Black - 205cm,Y2075,2021-05-06,100535,Hourglass Bench Leg Black,100,BMOU6890367,0,2021-08-20,0,8
