OrderDate,OrderID,ProductID,Desc,Quantity,ContainerNum,UnitReceived,EstimateDate,WZ0002,WZ0001
2021-04-29,PO00000307 - 1,B1020K-1/3,"May Fabric Bed(Farmhouse Cream,King) - HEADBOARD",100,KKFU7883610,25,2021-08-15,0,0
2021-04-29,PO00000307 - 1,B1020K-2/3,"May Fabric Bed(Farmhouse Cream,King) - SIDE RAILS",100,KKFU7883610,25,2021-08-15,25,0
2021-04-29,PO00000307 - 1,B1020K-3/3,"May Fabric Bed(Farmhouse Cream,King) - FOOTBOARD + SLATS",100,KKFU7883610,25,2021-08-15,25,0
2021-04-29,PO00000307 - 1,B1020Q-1/3,"May Fabric Bed(Farmhouse Cream,Queen) - HEADBOARD",100,KKFU7883610,25,2021-08-15,0,0
2021-04-29,PO00000307 - 1,B1020Q-2/3,"May Fabric Bed(Farmhouse Cream,Queen) - SIDE RAILS",100,KKFU7883610,25,2021-08-15,25,0
2021-04-29,PO00000307 - 1,B1020Q-3/3,"May Fabric Bed(Farmhouse Cream,Queen) - FOOTBOARD + SLATS",100,KKFU7883610,25,2021-08-15,25,0
2021-05-20,PO00000307 - 2,B1052K-1/4,"Macy Fabric Bed with Storage(Velvet Beige,King) - HEADBOARD",60,BEAU6108643,44,2021-08-15,22,0
2021-05-20,PO00000307 - 2,B1052K-2/4,"Macy Fabric Bed with Storage(Velvet Beige,King) - SIDE RAILS+SLATS",60,BEAU6108643,44,2021-08-15,44,0
2021-05-20,PO00000307 - 2,B1052K-3/4,"Macy Fabric Bed with Storage(Velvet Beige,King) - FOOTBOARD",60,BEAU6108643,44,2021-08-15,44,0
2021-05-20,PO00000307 - 2,B1052K-4/4,"Macy Fabric Bed with Storage(Velvet Beige,King) - DRAWERS",60,BEAU6108643,44,2021-08-15,44,0
2021-05-20,PO00000307 - 2,B1052Q-1/4,"Macy Fabric Bed with Storage(Velvet Beige,Queen) - HEADBOARD",60,BEAU6108643,44,2021-08-15,44,0
2021-05-20,PO00000307 - 2,B1052Q-2/4,"Macy Fabric Bed with Storage(Velvet Beige,Queen) - SIDE RAILS+SLATS",60,BEAU6108643,44,2021-08-15,22,0
2021-05-20,PO00000307 - 2,B1052Q-3/4,"Macy Fabric Bed with Storage(Velvet Beige,Queen) - FOOTBOARD",60,BEAU6108643,44,2021-08-15,44,0
2021-05-20,PO00000307 - 2,B1052Q-4/4,"Macy Fabric Bed with Storage(Velvet Beige,Queen) - DRAWERS",60,BEAU6108643,44,2021-08-15,44,0
2021-04-29,PO00000307 - 1,B1053K-1/3,"Meredith Fabric Bed(Velvet Beige,King) - HEADBOARD",100,KKFU7883610,28,2021-08-15,36,0
2021-04-29,PO00000307 - 1,B1053K-2/3,"Meredith Fabric Bed(Velvet Beige,King) - FOOTBOARD",100,KKFU7883610,28,2021-08-15,43,0
2021-04-29,PO00000307 - 1,B1053K-3/3,"Meredith Fabric Bed(Velvet Beige,King) - SIDE RAILS",100,KKFU7883610,28,2021-08-15,18,0
2021-04-29,PO00000307 - 1,B1053Q-1/3,"Meredith Fabric Bed(Velvet Beige,Queen) - HEADBOARD",100,KKFU7883610,25,2021-08-15,31,0
2021-04-29,PO00000307 - 1,B1053Q-2/3,"Meredith Fabric Bed(Velvet Beige,Queen) - FOOTBOARD",100,KKFU7883610,25,2021-08-15,43,0
2021-04-29,PO00000307 - 1,B1053Q-3/3,"Meredith Fabric Bed(Velvet Beige,Queen) - SIDE RAILS",100,KKFU7883610,25,2021-08-15,43,0
2021-03-16,100380,S1036,FONDA Fabric Chair(Fabric Grey),4,JXLU7850449,2,2021-06-15,3,0
2021-04-06,100470,T5743,ARIA Acacia Dresser(6 drawer),200,,20,2021-07-31,13,0
2021-04-06,100470,T5745,MADRID Acacia Dresser(6 drawer),200,,12,2021-07-31,0,3
